Interval,origination rate,,,
CmX,0.496862064493115,,,
Tr1,0.570456589570141,,,
Tr2-3,0.663663678152122,,,
Fl1,0.579332307816062,,,
Fl2-3,0.576309525577931,,,
Dp,0.639419290505236,,,
Dw1-3,0.561511964484782,,,
Dw3,0.460452728462423,,,
Sa,0.54433790685648,,,
Ka1-3,0.465288491843939,,,
Ka4,0.326993365648533,,,
Hi,0.525983683149145,,,